-- =============================================================================
-- Car Manufacturing — Bronze Layer: Seed Data
-- Layer: 02_bronze
-- Description: Sample data that populates the source OLTP tables.
--              In a real pipeline this would be a COPY INTO from S3/GCS/Azure.
-- =============================================================================

USE SCHEMA CAR_MANUFACTURING_DB.SOURCE;

-- -----------------------------------------------------------------------------
-- SUPPLIERS
-- -----------------------------------------------------------------------------
INSERT INTO SUPPLIER (Proveedor_ID, Nombre, Direccion, Ciudad, Provincia) VALUES
    (1,  'AutoParts Iberia S.L.',      '12 Industry Street',         'Barcelona',  'Barcelona'),
    (2,  'Metal Components S.A.',       '45 Factory Avenue',          'Valencia',   'Valencia'),
    (3,  'Electro Auto Systems',        '8 Main Street',              'Madrid',     'Madrid'),
    (4,  'Precision Parts GmbH',        '3 North Industrial Park',    'Tarragona',  'Tarragona'),
    (5,  'Iberian Steel Works',         '22 Metal Avenue',            'Bilbao',     'Vizcaya');

-- -----------------------------------------------------------------------------
-- CATEGORIES
-- -----------------------------------------------------------------------------
INSERT INTO CATEGORY (Category_ID, Nombre) VALUES
    (1, 'Engine'),
    (2, 'Bodywork'),
    (3, 'Electronics'),
    (4, 'Suspension'),
    (5, 'Interior'),
    (6, 'Brakes');

-- -----------------------------------------------------------------------------
-- PARTS
-- -----------------------------------------------------------------------------
INSERT INTO PARTS (Pieza_ID, Nombre, Color, Precio, Category_ID) VALUES
    (101, 'Cylinder Block',         'Grey',   850.00,  1),
    (102, 'Crankshaft',             'Silver',  320.00,  1),
    (103, 'Front Bumper',           'White',   210.00,  2),
    (104, 'Rear Bumper',            'White',   195.00,  2),
    (105, 'Side Door Panel Left',   'Black',   430.00,  2),
    (106, 'Side Door Panel Right',  'Black',   430.00,  2),
    (107, 'ECU Control Unit',       'Black',   680.00,  3),
    (108, 'Infotainment Screen',    'Black',   540.00,  3),
    (109, 'Front Suspension Kit',   'Grey',    760.00,  4),
    (110, 'Rear Suspension Kit',    'Grey',    710.00,  4),
    (111, 'Leather Seat Set',       'Beige',   920.00,  5),
    (112, 'Dashboard Assembly',     'Black',   380.00,  5),
    (113, 'Disc Brake Front',       'Silver',  290.00,  6),
    (114, 'Disc Brake Rear',        'Silver',  260.00,  6),
    (115, 'Exhaust Manifold',       'Grey',    175.00,  1),
    (116, 'Hood Panel',             'White',   340.00,  2),
    (117, 'Wiring Harness',         'Black',   220.00,  3),
    (118, 'Shock Absorber Front',   'Black',   180.00,  4),
    (119, 'Steering Wheel',         'Black',   130.00,  5),
    (120, 'ABS Module',             'Silver',  310.00,  6);

-- -----------------------------------------------------------------------------
-- CARS
-- -----------------------------------------------------------------------------
INSERT INTO CARS (Car_ID, Marca, Modelo, Ano) VALUES
    (1, 'SEAT',       'Ibiza',       2022),
    (2, 'SEAT',       'Leon',        2022),
    (3, 'SEAT',       'Arona',       2023),
    (4, 'Volkswagen', 'Golf',        2023),
    (5, 'Volkswagen', 'Polo',        2022),
    (6, 'Audi',       'A3',          2023),
    (7, 'Audi',       'Q3',          2023),
    (8, 'CUPRA',      'Formentor',   2023),
    (9, 'CUPRA',      'Born',        2023),
    (10,'Volkswagen', 'Tiguan',      2024);

-- -----------------------------------------------------------------------------
-- PARTS_CAR (Bill of Materials)
-- -----------------------------------------------------------------------------
INSERT INTO PARTS_CAR (Car_ID, Pieza_ID, Cantidad_pieza) VALUES
    (1,101,1),(1,102,1),(1,103,1),(1,104,1),(1,107,1),(1,109,1),(1,110,1),(1,113,2),(1,114,2),(1,111,1),
    (2,101,1),(2,102,1),(2,103,1),(2,105,1),(2,106,1),(2,107,1),(2,108,1),(2,109,1),(2,110,1),(2,111,1),(2,113,2),(2,114,2),
    (3,101,1),(3,103,1),(3,104,1),(3,107,1),(3,108,1),(3,109,1),(3,110,1),(3,111,1),(3,113,2),(3,116,1),
    (4,101,1),(4,102,1),(4,103,1),(4,104,1),(4,105,1),(4,106,1),(4,107,1),(4,108,1),(4,109,1),(4,110,1),(4,111,1),(4,112,1),(4,113,2),(4,114,2),
    (5,101,1),(5,102,1),(5,103,1),(5,107,1),(5,109,1),(5,110,1),(5,111,1),(5,113,2),(5,114,2),
    (6,101,1),(6,102,1),(6,103,1),(6,104,1),(6,105,1),(6,106,1),(6,107,1),(6,108,1),(6,109,1),(6,110,1),(6,111,1),(6,112,1),(6,113,2),(6,114,2),(6,120,1),
    (7,101,1),(7,102,1),(7,103,1),(7,104,1),(7,105,1),(7,106,1),(7,107,1),(7,108,1),(7,109,1),(7,110,1),(7,111,1),(7,112,1),(7,113,2),(7,114,2),(7,116,1),(7,120,1),
    (8,101,1),(8,102,1),(8,103,1),(8,104,1),(8,105,1),(8,106,1),(8,107,1),(8,108,1),(8,109,1),(8,110,1),(8,111,1),(8,112,1),(8,113,2),(8,114,2),(8,117,1),(8,120,1),
    (9,107,1),(9,108,1),(9,109,1),(9,110,1),(9,111,1),(9,112,1),(9,113,2),(9,114,2),(9,117,1),(9,119,1),(9,120,1),
    (10,101,1),(10,102,1),(10,103,1),(10,104,1),(10,105,1),(10,106,1),(10,107,1),(10,108,1),(10,109,1),(10,110,1),(10,111,1),(10,112,1),(10,113,2),(10,114,2),(10,116,1),(10,118,2),(10,120,1);

-- -----------------------------------------------------------------------------
-- CUSTOMERS
-- -----------------------------------------------------------------------------
INSERT INTO CUSTOMERS (Cliente_ID, Nombre, Direccion, Ciudad, Provincia) VALUES
    (1,  'Charles Martin',      '55 Pau Claris Street',       'Barcelona',  'Barcelona'),
    (2,  'Laura Gomez',         '120 Grand Avenue',           'Madrid',     'Madrid'),
    (3,  'James Fernandez',     '33 Port Avenue',             'Valencia',   'Valencia'),
    (4,  'Anne Rodriguez',      '90 Gracia Promenade',        'Barcelona',  'Barcelona'),
    (5,  'Peter Sanchez',       '18 Sierpes Street',          'Seville',    'Seville'),
    (6,  'Mary Lopez',          '7 Vilar Road',               'Santiago',   'A Coruna'),
    (7,  'David Torres',        '4 Constitution Avenue',      'Zaragoza',   'Zaragoza'),
    (8,  'Isabel Diaz',         '12 Larios Street',           'Malaga',     'Malaga'),
    (9,  'Robert Navarro',      '400 Diagonal Avenue',        'Barcelona',  'Barcelona'),
    (10, 'Christine Morales',   '25 Main Street',             'Bilbao',     'Vizcaya'),
    (11, 'Ferdinand Castro',    '55 Catalonia Boulevard',     'Barcelona',  'Barcelona'),
    (12, 'Helen Jimenez',       '30 America Avenue',          'Madrid',     'Madrid'),
    (13, 'Sergio Ruiz',         '80 Balmes Street',           'Barcelona',  'Barcelona'),
    (14, 'Patricia Vega',       '10 Mediterranean Avenue',    'Alicante',   'Alicante'),
    (15, 'Michael Herrera',     '200 Castellana Promenade',   'Madrid',     'Madrid');

-- -----------------------------------------------------------------------------
-- FINAL_DELIVERY
-- -----------------------------------------------------------------------------
INSERT INTO FINAL_DELIVERY (Entrega_ID, Proveedor_ID, Fecha) VALUES
    (1001, 1, '2023-01-10'),
    (1002, 2, '2023-01-22'),
    (1003, 3, '2023-02-05'),
    (1004, 4, '2023-02-18'),
    (1005, 5, '2023-03-02'),
    (1006, 1, '2023-03-15'),
    (1007, 2, '2023-04-01'),
    (1008, 3, '2023-04-20'),
    (1009, 4, '2023-05-08'),
    (1010, 5, '2023-05-25'),
    (1011, 1, '2023-06-10'),
    (1012, 2, '2023-07-01'),
    (1013, 3, '2023-08-14'),
    (1014, 4, '2023-09-20'),
    (1015, 5, '2023-10-05'),
    (1016, 1, '2023-11-12'),
    (1017, 2, '2023-12-01'),
    (1018, 3, '2024-01-08'),
    (1019, 4, '2024-02-14'),
    (1020, 5, '2024-03-20');

-- -----------------------------------------------------------------------------
-- LOT_DELIVERY (parts per delivery)
-- -----------------------------------------------------------------------------
INSERT INTO LOT_DELIVERY (Entrega_ID, Pieza_ID, Fecha, Cantidad) VALUES
    (1001,101,'2023-01-10',50),(1001,102,'2023-01-10',50),(1001,115,'2023-01-10',80),
    (1002,103,'2023-01-22',100),(1002,104,'2023-01-22',100),(1002,116,'2023-01-22',60),
    (1003,107,'2023-02-05',40),(1003,108,'2023-02-05',40),(1003,117,'2023-02-05',70),
    (1004,109,'2023-02-18',45),(1004,110,'2023-02-18',45),(1004,118,'2023-02-18',90),
    (1005,113,'2023-03-02',200),(1005,114,'2023-03-02',200),(1005,120,'2023-03-02',50),
    (1006,111,'2023-03-15',30),(1006,112,'2023-03-15',30),(1006,119,'2023-03-15',60),
    (1007,105,'2023-04-01',80),(1007,106,'2023-04-01',80),
    (1008,107,'2023-04-20',35),(1008,108,'2023-04-20',35),(1008,117,'2023-04-20',60),
    (1009,109,'2023-05-08',40),(1009,110,'2023-05-08',40),
    (1010,113,'2023-05-25',150),(1010,114,'2023-05-25',150),
    (1011,101,'2023-06-10',60),(1011,102,'2023-06-10',60),(1011,115,'2023-06-10',90),
    (1012,103,'2023-07-01',120),(1012,104,'2023-07-01',120),(1012,116,'2023-07-01',70),
    (1013,107,'2023-08-14',50),(1013,108,'2023-08-14',50),
    (1014,109,'2023-09-20',55),(1014,110,'2023-09-20',55),(1014,118,'2023-09-20',100),
    (1015,113,'2023-10-05',180),(1015,114,'2023-10-05',180),(1015,120,'2023-10-05',40),
    (1016,111,'2023-11-12',35),(1016,112,'2023-11-12',35),(1016,119,'2023-11-12',70),
    (1017,105,'2023-12-01',90),(1017,106,'2023-12-01',90),
    (1018,101,'2024-01-08',70),(1018,102,'2024-01-08',70),(1018,115,'2024-01-08',100),
    (1019,109,'2024-02-14',60),(1019,110,'2024-02-14',60),
    (1020,113,'2024-03-20',200),(1020,114,'2024-03-20',200),(1020,120,'2024-03-20',60);

-- -----------------------------------------------------------------------------
-- SALES
-- -----------------------------------------------------------------------------
INSERT INTO SALES (Venta_ID, Cliente_ID, Car_ID, Fecha, Precio) VALUES
    (1,  1,  1,  '2023-01-15', 18500.00),
    (2,  2,  4,  '2023-01-28', 32000.00),
    (3,  3,  2,  '2023-02-10', 24500.00),
    (4,  4,  6,  '2023-02-20', 38000.00),
    (5,  5,  3,  '2023-03-05', 22000.00),
    (6,  6,  8,  '2023-03-18', 42500.00),
    (7,  7,  5,  '2023-04-02', 20000.00),
    (8,  8,  7,  '2023-04-25', 45000.00),
    (9,  9,  9,  '2023-05-10', 39000.00),
    (10, 10, 10, '2023-05-28', 48000.00),
    (11, 11, 1,  '2023-06-12', 18800.00),
    (12, 12, 4,  '2023-06-30', 32500.00),
    (13, 13, 2,  '2023-07-15', 25000.00),
    (14, 14, 6,  '2023-08-01', 39000.00),
    (15, 15, 3,  '2023-08-22', 22500.00),
    (16, 1,  8,  '2023-09-05', 43000.00),
    (17, 2,  5,  '2023-09-20', 20500.00),
    (18, 3,  7,  '2023-10-08', 46000.00),
    (19, 4,  9,  '2023-10-25', 40000.00),
    (20, 5,  10, '2023-11-12', 49000.00),
    (21, 6,  1,  '2023-11-28', 19000.00),
    (22, 7,  4,  '2023-12-10', 33000.00),
    (23, 8,  2,  '2023-12-22', 25500.00),
    (24, 9,  6,  '2024-01-08', 39500.00),
    (25, 10, 3,  '2024-01-20', 23000.00),
    (26, 11, 8,  '2024-02-05', 44000.00),
    (27, 12, 9,  '2024-02-18', 41000.00),
    (28, 13, 10, '2024-03-01', 50000.00),
    (29, 14, 7,  '2024-03-15', 47000.00),
    (30, 15, 4,  '2024-03-28', 33500.00);
